{"$schema":"http://schema.management.azure.com/schemas/2015-01-01/deploymentTemplate.json#","contentVersion":"1.0.0.0","parameters":{"workspaceName":{"type":"string","metadata":"Workspace name","defaultValue":"asa-kyn-002073-rfsetl-dev"},"ls_pgmp_rfs_db":{"type":"string"}},"variables":{"workspaceId":"[concat('Microsoft.Synapse/workspaces/', parameters('workspaceName'))]"},"resources":[{"name":"[concat(parameters('workspaceName'), '/pgmpcdctestpipeline')]","type":"Microsoft.Synapse/workspaces/pipelines","apiVersion":"2019-06-01-preview","properties":{"activities":[{"name":"DF_BALD0410_ROLE_DIM","type":"ExecuteDataFlow","dependsOn":[],"policy":{"timeout":"1.00:00:00","retry":0,"retryIntervalInSeconds":30,"secureOutput":false,"secureInput":false},"userProperties":[],"typeProperties":{"dataflow":{"referenceName":"DF_BALD0410_ROLE_DIM","type":"DataFlowReference","parameters":{},"datasetParameters":{"srcroledim":{},"tgtroledimlkp":{},"Tgtupdlangdimtable":{},"InsRoledim":{}}},"staging":{},"compute":{"coreCount":8,"computeType":"General"},"traceLevel":"Fine"}},{"name":"DF_BALD0420_RQST_STAT_DIM","type":"ExecuteDataFlow","dependsOn":[],"policy":{"timeout":"1.00:00:00","retry":0,"retryIntervalInSeconds":30,"secureOutput":false,"secureInput":false},"userProperties":[],"typeProperties":{"dataflow":{"referenceName":"DF_BALD0420_RQST_STAT_DIM","type":"DataFlowReference","parameters":{},"datasetParameters":{"srcRqststatdim":{},"tgtrqststatdimlkp":{},"Tgtupdlangdimtable":{},"InsRoledim":{}}},"staging":{},"compute":{"coreCount":8,"computeType":"General"},"traceLevel":"Fine"}},{"name":"DF_BALD0430_RQST_TYPE_DIM","type":"ExecuteDataFlow","dependsOn":[],"policy":{"timeout":"1.00:00:00","retry":0,"retryIntervalInSeconds":30,"secureOutput":false,"secureInput":false},"userProperties":[],"typeProperties":{"dataflow":{"referenceName":"DF_BALD0430_RQST_TYPE_DIM","type":"DataFlowReference","parameters":{},"datasetParameters":{"srcRqsttypedim":{},"tgtrqsttypedimlkp":{},"Tgtupdlangdimtable":{},"InsRoledim":{}}},"staging":{},"compute":{"coreCount":8,"computeType":"General"},"traceLevel":"Fine"}}],"policy":{"elapsedTimeMetric":{},"cancelAfter":{}},"folder":{"name":"PGMP"},"annotations":[],"lastPublishTime":"2022-08-24T11:17:00Z"},"dependsOn":["[concat(variables('workspaceId'), '/dataflows/DF_BALD0410_ROLE_DIM')]","[concat(variables('workspaceId'), '/dataflows/DF_BALD0420_RQST_STAT_DIM')]","[concat(variables('workspaceId'), '/dataflows/DF_BALD0430_RQST_TYPE_DIM')]"]},{"name":"[concat(parameters('workspaceName'), '/DF_BALD0410_ROLE_DIM')]","type":"Microsoft.Synapse/workspaces/dataflows","apiVersion":"2019-06-01-preview","properties":{"description":"Job creation:13-07-2022\nJob name: DF_BALD0410_ROLE_DIM\nCreatedBy: Varaprasad\n\n","folder":{"name":"PGMP/Dimension"},"type":"MappingDataFlow","typeProperties":{"sources":[{"linkedService":{"referenceName":"[parameters('ls_pgmp_rfs_db')]","type":"LinkedServiceReference"},"name":"srcroledim"},{"linkedService":{"referenceName":"[parameters('ls_pgmp_rfs_db')]","type":"LinkedServiceReference"},"name":"tgtroledimlkp"}],"sinks":[{"linkedService":{"referenceName":"[parameters('ls_pgmp_rfs_db')]","type":"LinkedServiceReference"},"name":"Tgtupdlangdimtable"},{"linkedService":{"referenceName":"[parameters('ls_pgmp_rfs_db')]","type":"LinkedServiceReference"},"name":"InsRoledim"}],"transformations":[{"name":"mergeddata"},{"name":"srtdtgtlangdim"},{"name":"split"},{"name":"select1"},{"name":"alterRow1"},{"name":"select2"},{"name":"derivedColumn1"},{"name":"derivedColumn2"},{"name":"CdcVal"},{"name":"filter1"}],"scriptLines":["source(output(","          MAX_ID as integer,","          ROW_NUM as long,","          ROLE_ID as integer,","          ROLE_TYPE_TXT as string,","          IBM_CD as string,","          ROLE_DESC as string,","          ML_TXT_DEF_ID as integer,","          PSTN_NUM as integer,","          SRC_CRETD_TMS as timestamp,","          SRC_CRETD_USER_ID as string,","          SRC_UPDTD_TMS as timestamp,","          SRC_UPDTD_USER_ID as string,","          ETL_JOB_ID as integer,","          ETL_EXCTN_ID as integer,","          SRC_SYS_DIM_UID as integer,","          HASHED_VAL as binary","     ),","     allowSchemaDrift: true,","     validateSchema: false,","     format: 'query',","     store: 'sqlserver',","     query: 'select\\n     (select coalesce(max(ROLE_DIM_UID), 0) from PGMPDM.ROLE_DIM) as MAX_ID,\\n     ROW_NUMBER() over (order by PR.ROLE_ID) as ROW_NUM,\\n     PR.ROLE_ID,\\n     PR.ROLE_TYPE_TXT,\\n     PR.IBM_CD,\\n     PR.ROLE_DESC,\\n     PR.ML_TXT_DEF_ID,\\n     PR.PSTN_NUM,\\n     PR.SRC_CRETD_TMS,\\n     PR.SRC_CRETD_USER_ID,\\n     PR.SRC_UPDTD_TMS,\\n     PR.SRC_UPDTD_USER_ID,\\n     JOB.ETL_JOB_ID,\\n     FIL.ETL_EXCTN_ID,\\n     SYS.SRC_SYS_DIM_UID,\\n      HashBytes(\\'SHA2_256\\', coalesce(\\n        cast(PR.ROLE_ID as varchar)+\\n     PR.ROLE_TYPE_TXT+\\n     PR.IBM_CD+\\n     PR.ROLE_DESC+\\n     cast(PR.ML_TXT_DEF_ID as varchar)+\\n     cast(PR.PSTN_NUM as varchar)+\\n     cast(PR.SRC_CRETD_TMS as varchar)+\\n     cast(PR.SRC_CRETD_USER_ID as varchar)+\\n     cast(PR.SRC_UPDTD_TMS as varchar)+\\n     cast(PR.SRC_UPDTD_USER_ID as varchar)+\\n     cast(JOB.ETL_JOB_ID as varchar)+\\n     cast(FIL.ETL_EXCTN_ID as varchar)+\\n     cast(SYS.SRC_SYS_DIM_UID as varchar), \\'\\')\\n          ) as HASHED_VAL\\n     \\nfrom\\n     (select\\n               RL.ROLE_ID as ROLE_ID,\\n               RL.ROLE_TYPE as ROLE_TYPE_TXT,\\n               RL.IBM_IND as IBM_CD,\\n               RL.DESCR as ROLE_DESC,\\n               RL.ML_TEXT_DEF_ID as ML_TXT_DEF_ID,\\n               RL.POSITN as PSTN_NUM,\\n               RL.CREATED_TS as SRC_CRETD_TMS,\\n               RL.CREATED_USERID as SRC_CRETD_USER_ID,\\n               RL.UPDATED_TS as SRC_UPDTD_TMS,\\n               RL.UPDATED_USERID as SRC_UPDTD_USER_ID\\n          from\\n               APPFUN.ROLE RL\\n          union all\\n          select\\n               -1 as ROLE_ID,\\n               \\'Unknown\\' as ROLE_TYPE_TXT,\\n               \\'Unknown\\' as IBM_CD,\\n               \\'Unknown\\' as ROLE_DESC,\\n               -1 as ML_TXT_DEF_ID,\\n               -1 as PSTN_NUM,\\n               CURRENT_TIMESTAMP as SRC_CRETD_TMS,\\n               CURRENT_USER as SRC_CRETD_USER_ID,\\n               CURRENT_TIMESTAMP as SRC_UPDTD_TMS,\\n               CURRENT_USER as SRC_UPDTD_USER_ID\\n          from\\n               sys.dm_db_resource_stats) PR\\n     left join\\n     (select\\n               coalesce(max(ETL_JOB_ID), -1) as ETL_JOB_ID\\n          from\\n               PGMPDM.ZAUX_ETL_JOBS\\n          where\\n               ETL_JOB_NM = \\'#DSJobName#\\')JOB\\n     on 1 = 1\\n     left join\\n     (select\\n               ETL_EXCTN_ID\\n          from\\n               PGMPDM.ZAUX_ETL_EXCTN\\n          where\\n               IS_CURR_IND = \\'Y\\')FIL\\n     on 1 = 1\\n     left join\\n     (select\\n               coalesce(max(SRC_SYS_DIM_UID), -1) as SRC_SYS_DIM_UID\\n          from\\n               PGMPDM.SRC_SYS_DIM\\n          where\\n               SRC_SYS_CD = \\'PST\\')SYS\\n     on 1 = 1\\n\\n\\n',","     isolationLevel: 'READ_UNCOMMITTED') ~> srcroledim","source(output(","          LKP_ROLE_ID as integer,","          LKP_ROLE_TYPE_TXT as string,","          LKP_IBM_CD as string,","          LKP_ROLE_DESC as string,","          LKP_ML_TXT_DEF_ID as integer,","          LKP_PSTN_NUM as integer,","          LKP_SRC_CRETD_TMS as timestamp,","          LKP_SRC_CRETD_USER_ID as string,","          LKP_SRC_UPDTD_TMS as timestamp,","          LKP_SRC_UPDTD_USER_ID as string,","          LKP_ETL_JOB_ID as integer,","          LKP_SRC_SYS_DIM_UID as integer,","          LKP_HASHED_VAL as binary","     ),","     allowSchemaDrift: true,","     validateSchema: false,","     format: 'query',","     store: 'sqlserver',","     query: 'select\\n     ROLE_ID as LKP_ROLE_ID ,\\n     ROLE_TYPE_TXT as LKP_ROLE_TYPE_TXT ,\\n     IBM_CD as LKP_IBM_CD ,\\n     ROLE_DESC as LKP_ROLE_DESC ,\\n     ML_TXT_DEF_ID as LKP_ML_TXT_DEF_ID ,\\n     PSTN_NUM as LKP_PSTN_NUM ,\\n     SRC_CRETD_TMS as LKP_SRC_CRETD_TMS ,\\n     SRC_CRETD_USER_ID as LKP_SRC_CRETD_USER_ID ,\\n     SRC_UPDTD_TMS as LKP_SRC_UPDTD_TMS ,\\n     SRC_UPDTD_USER_ID as LKP_SRC_UPDTD_USER_ID ,\\n     ETL_JOB_ID as LKP_ETL_JOB_ID ,\\n     SRC_SYS_DIM_UID as LKP_SRC_SYS_DIM_UID,\\n     HashBytes(\\'SHA2_256\\', coalesce(\\n             cast(ROLE_ID as varchar)  +\\n            ROLE_TYPE_TXT+\\n             IBM_CD+\\n             ROLE_DESC+\\n             cast(ML_TXT_DEF_ID as varchar)+\\n             cast(PSTN_NUM as varchar)+\\n             cast(SRC_CRETD_TMS as varchar)+\\n             cast(SRC_CRETD_USER_ID as varchar)+\\n             cast(SRC_UPDTD_TMS as varchar)+\\n             cast(SRC_UPDTD_USER_ID as varchar)+\\n             cast(ETL_JOB_ID as varchar)+\\n             cast(SRC_SYS_DIM_UID as varchar), \\'\\')\\n          ) as LKP_HASHED_VAL\\nfrom\\n     PGMPDM.ROLE_DIM',","     isolationLevel: 'READ_UNCOMMITTED') ~> tgtroledimlkp","srcroledim, srtdtgtlangdim join(ROLE_ID == LKP_ROLE_ID,","     joinType:'outer',","     matchType:'exact',","     ignoreSpaces: false,","     broadcast: 'auto')~> mergeddata","tgtroledimlkp sort(asc(LKP_ROLE_ID, true)) ~> srtdtgtlangdim","filter1 split(ROW_STAT_CD!='I',","     disjoint: false) ~> split@(datatobeupdted, datatobeinserted)","derivedColumn1 select(mapColumn(","          ROLE_ID,","          ROLE_TYPE_TXT,","          IBM_CD,","          ROLE_DESC,","          ML_TXT_DEF_ID,","          PSTN_NUM,","          SRC_CRETD_TMS,","          SRC_CRETD_USER_ID,","          SRC_UPDTD_TMS,","          SRC_UPDTD_USER_ID,","          ETL_JOB_ID,","          ETL_EXCTN_ID,","          ROW_STAT_CD,","          DM_CRETD_TMS","     ),","     skipDuplicateMapInputs: true,","     skipDuplicateMapOutputs: true) ~> select1","select1 alterRow(updateIf(true())) ~> alterRow1","derivedColumn2 select(mapColumn(","          ROLE_ID,","          ROLE_TYPE_TXT,","          IBM_CD,","          ROLE_DESC,","          ML_TXT_DEF_ID,","          PSTN_NUM,","          SRC_CRETD_TMS,","          SRC_CRETD_USER_ID,","          SRC_UPDTD_TMS,","          SRC_UPDTD_USER_ID,","          ETL_JOB_ID,","          ETL_EXCTN_ID,","          SRC_SYS_DIM_UID,","          ROW_STAT_CD,","          DM_CRETD_TMS,","          ROLE_DIM_UID","     ),","     skipDuplicateMapInputs: true,","     skipDuplicateMapOutputs: true) ~> select2","split@datatobeupdted derive(DM_CRETD_TMS = currentTimestamp(),","          ROW_STAT_CD = 'U') ~> derivedColumn1","split@datatobeinserted derive(DM_CRETD_TMS = currentTimestamp(),","          ROLE_DIM_UID = MAX_ID+ROW_NUM) ~> derivedColumn2","mergeddata derive(ROW_STAT_CD = case(isNull(ROLE_ID) && not(isNull(LKP_ROLE_ID)), 'D',\r","     case(not(isNull(ROLE_ID)) && isNull(LKP_ROLE_ID), 'I',\r","     case(HASHED_VAL == LKP_HASHED_VAL, 'L', 'U')))) ~> CdcVal","CdcVal filter(ROW_STAT_CD!='L') ~> filter1","alterRow1 sink(allowSchemaDrift: true,","     validateSchema: false,","     input(","          GEO_DIM_UID as integer,","          IOT_RGN_CD as string,","          IOT_RGN_NM as string,","          IMT_RGN_CD as string,","          IMT_SRGN_NM as string,","          SRGN_CD as string,","          SRGNCTRY_CD as string,","          SRGNCTRY_NM as string,","          IOTSORT_NUM as integer,","          GEO_CD as string,","          GEO_TYP_CD as string,","          GMR_RGN_CD as string,","          GMR_RGN_NM as string,","          IOT_SHORT_NM as string,","          IMT_SHORT_NM as string,","          ROW_STAT_CD as string,","          SRC_SYS_DIM_UID as integer,","          ETL_JOB_ID as integer,","          ETL_EXCTN_ID as integer,","          DM_CRETD_TMS as timestamp,","          DM_CRETD_USER_ID as string,","          DM_UPDTD_TMS as timestamp,","          DM_UPDTD_USER_ID as string,","          KYNDRYL_GLBL_ORG as string,","          KYNDRYL_ORG_CD as string,","          KYNDRYL_RGN as string,","          KYNDRYL_RGN_CD as string","     ),","     format: 'table',","     store: 'sqlserver',","     schemaName: 'PGMPDM',","     tableName: 'ROLE_DIM',","     insertable: false,","     updateable: true,","     deletable: false,","     upsertable: false,","     keys:['ROLE_ID'],","     skipKeyWrites:true,","     skipDuplicateMapInputs: true,","     skipDuplicateMapOutputs: true,","     errorHandlingOption: 'stopOnFirstError') ~> Tgtupdlangdimtable","select2 sink(allowSchemaDrift: true,","     validateSchema: false,","     format: 'table',","     store: 'sqlserver',","     schemaName: 'PGMPDM',","     tableName: 'ROLE_DIM',","     insertable: true,","     updateable: false,","     deletable: false,","     upsertable: false,","     skipDuplicateMapInputs: true,","     skipDuplicateMapOutputs: true,","     errorHandlingOption: 'stopOnFirstError') ~> InsRoledim"]}},"dependsOn":[]},{"name":"[concat(parameters('workspaceName'), '/DF_BALD0420_RQST_STAT_DIM')]","type":"Microsoft.Synapse/workspaces/dataflows","apiVersion":"2019-06-01-preview","properties":{"description":"Job creation:13-07-2022\nJob name: DF_BALD0420_RQST_STAT_DIM\nCreatedBy: Varaprasad\n\n","folder":{"name":"PGMP/Dimension"},"type":"MappingDataFlow","typeProperties":{"sources":[{"linkedService":{"referenceName":"[parameters('ls_pgmp_rfs_db')]","type":"LinkedServiceReference"},"name":"srcRqststatdim"},{"linkedService":{"referenceName":"[parameters('ls_pgmp_rfs_db')]","type":"LinkedServiceReference"},"name":"tgtrqststatdimlkp"}],"sinks":[{"linkedService":{"referenceName":"[parameters('ls_pgmp_rfs_db')]","type":"LinkedServiceReference"},"name":"Tgtupdlangdimtable"},{"linkedService":{"referenceName":"[parameters('ls_pgmp_rfs_db')]","type":"LinkedServiceReference"},"name":"InsRoledim"}],"transformations":[{"name":"mergeddata"},{"name":"srtdtgtlangdim"},{"name":"split"},{"name":"select1"},{"name":"alterRow1"},{"name":"select2"},{"name":"derivedColumn1"},{"name":"derivedColumn2"},{"name":"CdcVal"},{"name":"filter1"}],"scriptLines":["source(output(","          RQST_STAT_DIM_UID as integer,","          RQST_STAT_DIM_CD as string,","          RQST_STAT_DIM_DESC as string,","          ETL_JOB_ID as integer,","          ETL_EXCTN_ID as integer,","          SRC_SYS_DIM_UID as integer,","          HASHED_VAL as binary","     ),","     allowSchemaDrift: true,","     validateSchema: false,","     format: 'query',","     store: 'sqlserver',","     query: 'select\\n     RS.RQST_STAT_DIM_UID,\\n     RS.RQST_STAT_DIM_CD,\\n     RS.RQST_STAT_DIM_DESC,\\n     JOB.ETL_JOB_ID,\\n     FIL.ETL_EXCTN_ID,\\n     SYS.SRC_SYS_DIM_UID,\\n     HashBytes(\\'SHA2_256\\', coalesce(\\n     cast(RS.RQST_STAT_DIM_UID as varchar)+\\n     RS.RQST_STAT_DIM_CD+\\n     RS.RQST_STAT_DIM_DESC+\\n     cast(JOB.ETL_JOB_ID as varchar)+\\n     cast(FIL.ETL_EXCTN_ID as varchar)+\\n     cast(SYS.SRC_SYS_DIM_UID as varchar) , \\'\\')\\n          ) as HASHED_VAL\\n     \\nfrom\\n     (select\\n               -1 as RQST_STAT_DIM_UID,\\n               \\'UNK\\' as RQST_STAT_DIM_CD,\\n               \\'Unknown\\' as RQST_STAT_DIM_DESC\\n          from\\n               sys.dm_db_resource_stats\\n          union all\\n          select\\n               0 as RQST_STAT_DIM_UID,\\n               \\'LOST\\' as RQST_STAT_DIM_CD,\\n               \\'Lost\\' as RQST_STAT_DIM_DESC\\n          from\\n               sys.dm_db_resource_stats\\n          union all\\n          select\\n               1 as RQST_STAT_DIM_UID,\\n               \\'WIP-CR\\' as RQST_STAT_DIM_CD,\\n               \\'WIP: Client Review\\' as RQST_STAT_DIM_DESC\\n          from\\n               sys.dm_db_resource_stats\\n          union all\\n          select\\n               2 as RQST_STAT_DIM_UID,\\n               \\'WIP-NWC\\' as RQST_STAT_DIM_CD,\\n               \\'WIP: Not With Client\\' as RQST_STAT_DIM_DESC\\n          from\\n               sys.dm_db_resource_stats\\n          union all\\n          select\\n               3 as RQST_STAT_DIM_UID,\\n               \\'WON\\' as RQST_STAT_DIM_CD,\\n               \\'Won\\' as RQST_STAT_DIM_DESC\\n          from\\n               sys.dm_db_resource_stats) RS\\n     left join\\n     (select\\n               coalesce(max(ETL_JOB_ID), -1) as ETL_JOB_ID\\n          from\\n               PGMPDM.ZAUX_ETL_JOBS\\n          where\\n               ETL_JOB_NM = \\'#DSJobName#\\'     )JOB\\n     on 1 = 1\\n     left join\\n     (select\\n               ETL_EXCTN_ID\\n          from\\n               PGMPDM.ZAUX_ETL_EXCTN\\n          where\\n               IS_CURR_IND = \\'Y\\')FIL\\n     on 1 = 1\\n     left join\\n     (select\\n               coalesce(max(SRC_SYS_DIM_UID), -1) as SRC_SYS_DIM_UID\\n          from\\n               PGMPDM.SRC_SYS_DIM\\n          where\\n               SRC_SYS_CD = \\'PGMP\\'     )SYS\\n     on 1 = 1\\n\\n\\n',","     isolationLevel: 'READ_UNCOMMITTED') ~> srcRqststatdim","source(output(","          LKP_RQST_STAT_DIM_UID as integer,","          LKP_RQST_STAT_DIM_CD as string,","          LKP_RQST_STAT_DIM_DESC as string,","          LKP_SRC_SYS_DIM_UID as integer,","          LKp_ETL_JOB_ID as integer,","          LKP_HASHED_VAL as binary","     ),","     allowSchemaDrift: true,","     validateSchema: false,","     format: 'query',","     store: 'sqlserver',","     query: 'select\\n     RQST_STAT_DIM_UID as LKP_RQST_STAT_DIM_UID,\\n     RQST_STAT_DIM_CD as LKP_RQST_STAT_DIM_CD,\\n     RQST_STAT_DIM_DESC as LKP_RQST_STAT_DIM_DESC,\\n     SRC_SYS_DIM_UID as LKP_SRC_SYS_DIM_UID,\\n     ETL_JOB_ID as LKp_ETL_JOB_ID,\\n\\n     HashBytes(\\'SHA2_256\\', coalesce(\\n             cast(RQST_STAT_DIM_UID as varchar) +\\n     RQST_STAT_DIM_CD +\\n     RQST_STAT_DIM_DESC +\\n     cast(SRC_SYS_DIM_UID as varchar) +\\n     cast(ETL_JOB_ID as varchar) , \\'\\')\\n          ) as LKP_HASHED_VAL\\nfrom\\n     PGMPDM.RQST_STAT_DIM',","     isolationLevel: 'READ_UNCOMMITTED') ~> tgtrqststatdimlkp","srcRqststatdim, srtdtgtlangdim join(RQST_STAT_DIM_UID == LKP_RQST_STAT_DIM_UID,","     joinType:'outer',","     matchType:'exact',","     ignoreSpaces: false,","     broadcast: 'auto')~> mergeddata","tgtrqststatdimlkp sort(asc(LKP_RQST_STAT_DIM_UID, true)) ~> srtdtgtlangdim","filter1 split(ROW_STAT_CD!='I',","     disjoint: false) ~> split@(datatobeupdted, datatobeinserted)","derivedColumn1 select(mapColumn(","          RQST_STAT_DIM_UID,","          RQST_STAT_DIM_CD,","          RQST_STAT_DIM_DESC,","          ETL_JOB_ID,","          ETL_EXCTN_ID,","          SRC_SYS_DIM_UID,","          ROW_STAT_CD,","          DM_CRETD_TMS","     ),","     skipDuplicateMapInputs: true,","     skipDuplicateMapOutputs: true) ~> select1","select1 alterRow(updateIf(true())) ~> alterRow1","derivedColumn2 select(mapColumn(","          RQST_STAT_DIM_UID,","          RQST_STAT_DIM_CD,","          RQST_STAT_DIM_DESC,","          ETL_JOB_ID,","          ETL_EXCTN_ID,","          SRC_SYS_DIM_UID,","          ROW_STAT_CD,","          DM_CRETD_TMS","     ),","     skipDuplicateMapInputs: true,","     skipDuplicateMapOutputs: true) ~> select2","split@datatobeupdted derive(DM_CRETD_TMS = currentTimestamp(),","          ROW_STAT_CD = 'U') ~> derivedColumn1","split@datatobeinserted derive(DM_CRETD_TMS = currentTimestamp()) ~> derivedColumn2","mergeddata derive(ROW_STAT_CD = case(isNull(RQST_STAT_DIM_UID) && not(isNull(LKP_RQST_STAT_DIM_UID)), 'D',\r","     case(not(isNull(RQST_STAT_DIM_UID)) && isNull(LKP_RQST_STAT_DIM_UID), 'I',\r","     case(HASHED_VAL == LKP_HASHED_VAL, 'L', 'U')))) ~> CdcVal","CdcVal filter(ROW_STAT_CD!='L') ~> filter1","alterRow1 sink(allowSchemaDrift: true,","     validateSchema: false,","     input(","          GEO_DIM_UID as integer,","          IOT_RGN_CD as string,","          IOT_RGN_NM as string,","          IMT_RGN_CD as string,","          IMT_SRGN_NM as string,","          SRGN_CD as string,","          SRGNCTRY_CD as string,","          SRGNCTRY_NM as string,","          IOTSORT_NUM as integer,","          GEO_CD as string,","          GEO_TYP_CD as string,","          GMR_RGN_CD as string,","          GMR_RGN_NM as string,","          IOT_SHORT_NM as string,","          IMT_SHORT_NM as string,","          ROW_STAT_CD as string,","          SRC_SYS_DIM_UID as integer,","          ETL_JOB_ID as integer,","          ETL_EXCTN_ID as integer,","          DM_CRETD_TMS as timestamp,","          DM_CRETD_USER_ID as string,","          DM_UPDTD_TMS as timestamp,","          DM_UPDTD_USER_ID as string,","          KYNDRYL_GLBL_ORG as string,","          KYNDRYL_ORG_CD as string,","          KYNDRYL_RGN as string,","          KYNDRYL_RGN_CD as string","     ),","     format: 'table',","     store: 'sqlserver',","     schemaName: 'PGMPDM',","     tableName: 'RQST_STAT_DIM',","     insertable: false,","     updateable: true,","     deletable: false,","     upsertable: false,","     keys:['RQST_STAT_DIM_UID'],","     skipKeyWrites:true,","     skipDuplicateMapInputs: true,","     skipDuplicateMapOutputs: true,","     errorHandlingOption: 'stopOnFirstError') ~> Tgtupdlangdimtable","select2 sink(allowSchemaDrift: true,","     validateSchema: false,","     format: 'table',","     store: 'sqlserver',","     schemaName: 'PGMPDM',","     tableName: 'RQST_STAT_DIM',","     insertable: true,","     updateable: false,","     deletable: false,","     upsertable: false,","     skipDuplicateMapInputs: true,","     skipDuplicateMapOutputs: true,","     errorHandlingOption: 'stopOnFirstError') ~> InsRoledim"]}},"dependsOn":[]},{"name":"[concat(parameters('workspaceName'), '/DF_BALD0430_RQST_TYPE_DIM')]","type":"Microsoft.Synapse/workspaces/dataflows","apiVersion":"2019-06-01-preview","properties":{"description":"Job creation:13-07-2022\nJob name: BALD0430_RQST_TYPE_DIM\nCreatedBy: Varaprasad\n\n","folder":{"name":"PGMP/Dimension"},"type":"MappingDataFlow","typeProperties":{"sources":[{"linkedService":{"referenceName":"[parameters('ls_pgmp_rfs_db')]","type":"LinkedServiceReference"},"name":"srcRqsttypedim"},{"linkedService":{"referenceName":"[parameters('ls_pgmp_rfs_db')]","type":"LinkedServiceReference"},"name":"tgtrqsttypedimlkp"}],"sinks":[{"linkedService":{"referenceName":"[parameters('ls_pgmp_rfs_db')]","type":"LinkedServiceReference"},"name":"Tgtupdlangdimtable"},{"linkedService":{"referenceName":"[parameters('ls_pgmp_rfs_db')]","type":"LinkedServiceReference"},"name":"InsRoledim"}],"transformations":[{"name":"mergeddata"},{"name":"srtdtgtlangdim"},{"name":"split"},{"name":"select1"},{"name":"alterRow1"},{"name":"select2"},{"name":"derivedColumn1"},{"name":"derivedColumn2"},{"name":"CdcVal"},{"name":"filter1"}],"scriptLines":["source(output(","          MAX_ID as integer,","          ROW_NUM as long,","          RQST_TYPE_DIM_CD as string,","          RQST_TYPE_DESC as string,","          ETL_JOB_ID as integer,","          ETL_EXCTN_ID as integer,","          SRC_SYS_DIM_UID as integer,","          HASHED_VAL as binary","     ),","     allowSchemaDrift: true,","     validateSchema: false,","     format: 'query',","     store: 'sqlserver',","     query: 'select\\n     (select coalesce(max(RQST_TYPE_DIM_UID), 0) from PGMPDM.RQST_TYPE_DIM) as MAX_ID,\\n     ROW_NUMBER() over (order by RT.RQST_TYPE_DIM_CD) as ROW_NUM,\\n       RT.RQST_TYPE_DIM_CD,\\n     RT.RQST_TYPE_DESC,\\n     JOB.ETL_JOB_ID,\\n     FIL.ETL_EXCTN_ID,\\n     SYS.SRC_SYS_DIM_UID,\\n     HashBytes(\\'SHA2_256\\', coalesce(\\n             RT.RQST_TYPE_DIM_CD+\\n                RT.RQST_TYPE_DESC+\\n     cast(SRC_SYS_DIM_UID as varchar)+\\n     cast(ETL_JOB_ID as varchar) +\\n     cast (SYS.SRC_SYS_DIM_UID as varchar) , \\'\\')\\n          ) as HASHED_VAL\\nfrom\\n     (select\\n               -1 as RQST_TYPE_DIM_UID,\\n               \\'UNK\\' as RQST_TYPE_DIM_CD,\\n               \\'Unknown\\' as RQST_TYPE_DESC\\n          from\\n               sys.dm_db_resource_stats\\n          union all\\n          select\\n               0 as RQST_TYPE_DIM_UID,\\n               \\'C\\' as RQST_TYPE_DIM_CD,\\n               \\'Catalog Only\\' as RQST_TYPE_DESC\\n          from\\n               sys.dm_db_resource_stats\\n          union all\\n          select distinct\\n               1 as RQST_TYPE_DIM_UID,\\n               RQST_TYPE as RQST_TYPE_DIM_CD,\\n               case(RQST_TYPE)\\n               when (\\'R\\') then (\\'Request for Service (RFS)\\')\\n               when (\\'S\\') then (\\'Predefined Solution Request\\')\\n               else (\\'\\')\\n               end as RQST_TYPE_DESC\\n          from\\n               APPFUN.RQST\\n          where\\n               RQST_TYPE is not null) RT\\n     left join\\n     (select\\n               coalesce(max(ETL_JOB_ID), -1) as ETL_JOB_ID\\n          from\\n               PGMPDM.ZAUX_ETL_JOBS\\n          where\\n               ETL_JOB_NM = \\'#DSJobName#\\'     )JOB\\n     on 1 = 1\\n     left join\\n     (select\\n               ETL_EXCTN_ID\\n          from\\n               PGMPDM.ZAUX_ETL_EXCTN\\n          where\\n               IS_CURR_IND = \\'Y\\')FIL\\n     on 1 = 1\\n     left join\\n     (select\\n               coalesce(max(SRC_SYS_DIM_UID), -1) as SRC_SYS_DIM_UID\\n          from\\n               PGMPDM.SRC_SYS_DIM\\n          where\\n               SRC_SYS_CD = \\'PGMP\\'     )SYS\\n     on 1 = 1\\n\\n\\n',","     isolationLevel: 'READ_UNCOMMITTED') ~> srcRqsttypedim","source(output(","          LKP_RQST_TYPE_DIM_CD as string,","          LKP_RQST_TYPE_DESC as string,","          LKP_ETL_JOB_ID as integer,","          LKP_SRC_SYS_DIM_UID as integer,","          LKP_HASHED_VAL as binary","     ),","     allowSchemaDrift: true,","     validateSchema: false,","     format: 'query',","     store: 'sqlserver',","     query: 'select\\n     RQST_TYPE_DIM_CD as LKP_RQST_TYPE_DIM_CD,\\n     RQST_TYPE_DESC as LKP_RQST_TYPE_DESC,\\n     ETL_JOB_ID as LKP_ETL_JOB_ID,\\n     SRC_SYS_DIM_UID as LKP_SRC_SYS_DIM_UID,\\n     HashBytes(\\'SHA2_256\\', coalesce(\\n        Cast(RQST_TYPE_DIM_UID as varchar)+\\n             RQST_TYPE_DIM_CD +\\n             RQST_TYPE_DESC +\\n     cast(SRC_SYS_DIM_UID as varchar)+\\n     cast(ETL_JOB_ID as varchar), \\'\\')\\n          ) as LKP_HASHED_VAL\\nfrom\\n     PGMPDM.RQST_TYPE_DIM',","     isolationLevel: 'READ_UNCOMMITTED') ~> tgtrqsttypedimlkp","srcRqsttypedim, srtdtgtlangdim join(RQST_TYPE_DIM_CD == LKP_RQST_TYPE_DIM_CD,","     joinType:'outer',","     matchType:'exact',","     ignoreSpaces: false,","     broadcast: 'auto')~> mergeddata","tgtrqsttypedimlkp sort(asc(LKP_RQST_TYPE_DIM_CD, true)) ~> srtdtgtlangdim","filter1 split(ROW_STAT_CD!='I',","     disjoint: false) ~> split@(datatobeupdted, datatobeinserted)","derivedColumn1 select(mapColumn(","          RQST_TYPE_DIM_CD,","          RQST_TYPE_DESC,","          ETL_JOB_ID,","          ETL_EXCTN_ID,","          SRC_SYS_DIM_UID,","          ROW_STAT_CD,","          DM_CRETD_TMS","     ),","     skipDuplicateMapInputs: true,","     skipDuplicateMapOutputs: true) ~> select1","select1 alterRow(updateIf(true())) ~> alterRow1","derivedColumn2 select(mapColumn(","          RQST_TYPE_DIM_CD,","          RQST_TYPE_DESC,","          ETL_JOB_ID,","          ETL_EXCTN_ID,","          SRC_SYS_DIM_UID,","          ROW_STAT_CD,","          DM_CRETD_TMS,","          RQST_TYPE_DIM_UID","     ),","     skipDuplicateMapInputs: true,","     skipDuplicateMapOutputs: true) ~> select2","split@datatobeupdted derive(DM_CRETD_TMS = currentTimestamp(),","          ROW_STAT_CD = 'U') ~> derivedColumn1","split@datatobeinserted derive(DM_CRETD_TMS = currentTimestamp(),","          RQST_TYPE_DIM_UID = MAX_ID+ROW_NUM) ~> derivedColumn2","mergeddata derive(ROW_STAT_CD = case(isNull(RQST_TYPE_DIM_CD) && not(isNull(LKP_RQST_TYPE_DIM_CD)), 'D',\r","     case(not(isNull(RQST_TYPE_DIM_CD)) && isNull(LKP_RQST_TYPE_DIM_CD), 'I',\r","     case(HASHED_VAL == LKP_HASHED_VAL, 'L', 'U')))) ~> CdcVal","CdcVal filter(ROW_STAT_CD!='L') ~> filter1","alterRow1 sink(allowSchemaDrift: true,","     validateSchema: false,","     input(","          GEO_DIM_UID as integer,","          IOT_RGN_CD as string,","          IOT_RGN_NM as string,","          IMT_RGN_CD as string,","          IMT_SRGN_NM as string,","          SRGN_CD as string,","          SRGNCTRY_CD as string,","          SRGNCTRY_NM as string,","          IOTSORT_NUM as integer,","          GEO_CD as string,","          GEO_TYP_CD as string,","          GMR_RGN_CD as string,","          GMR_RGN_NM as string,","          IOT_SHORT_NM as string,","          IMT_SHORT_NM as string,","          ROW_STAT_CD as string,","          SRC_SYS_DIM_UID as integer,","          ETL_JOB_ID as integer,","          ETL_EXCTN_ID as integer,","          DM_CRETD_TMS as timestamp,","          DM_CRETD_USER_ID as string,","          DM_UPDTD_TMS as timestamp,","          DM_UPDTD_USER_ID as string,","          KYNDRYL_GLBL_ORG as string,","          KYNDRYL_ORG_CD as string,","          KYNDRYL_RGN as string,","          KYNDRYL_RGN_CD as string","     ),","     format: 'table',","     store: 'sqlserver',","     schemaName: 'PGMPDM',","     tableName: 'RQST_TYPE_DIM',","     insertable: false,","     updateable: true,","     deletable: false,","     upsertable: false,","     keys:['RQST_TYPE_DIM_CD'],","     skipKeyWrites:true,","     skipDuplicateMapInputs: true,","     skipDuplicateMapOutputs: true,","     errorHandlingOption: 'stopOnFirstError') ~> Tgtupdlangdimtable","select2 sink(allowSchemaDrift: true,","     validateSchema: false,","     format: 'table',","     store: 'sqlserver',","     schemaName: 'PGMPDM',","     tableName: 'RQST_TYPE_DIM',","     insertable: true,","     updateable: false,","     deletable: false,","     upsertable: false,","     skipDuplicateMapInputs: true,","     skipDuplicateMapOutputs: true,","     errorHandlingOption: 'stopOnFirstError') ~> InsRoledim"]}},"dependsOn":[]}]}